"Timestamp","date","time","name","site","week","spanTotal","spanNat","spanNonNat","spanBetter","spanWorse","spanSame","engTotal","rateSpeak","rateUnderstand","rateOveral","extraCurParticipate","extraCurriculars","notes"
"6/29/2015 15:46:58",2015-06-29,15H 46M 58S,"ems","middlebury",0,0,0,0,0,0,0,100,4,7,5,"no","","first week"
"6/29/2015 16:09:30",2015-06-29,16H 9M 30S,"mav","middlebury",0,0,0,0,0,0,0,100,3,5,4,"no","","first week"
"6/29/2015 16:54:59",2015-06-29,16H 54M 59S,"jkw","middlebury",0,0,0,0,0,0,0,100,2,4,3,"no","","first week"
"6/30/2015 10:03:28",2015-06-30,10H 3M 28S,"mam","middlebury",0,0,0,0,0,0,0,100,1,6,3,"no","","first week"
"6/30/2015 10:21:28",2015-06-30,10H 21M 28S,"djv","middlebury",0,0,0,0,0,0,0,100,4,6,5,"no","","first week"
"6/30/2015 14:54:36",2015-06-30,14H 54M 36S,"blr","middlebury",0,0,0,0,0,0,0,100,3,4,3,"no","","first week"
"6/30/2015 15:13:59",2015-06-30,15H 13M 59S,"lmw","middlebury",0,0,0,0,0,0,0,100,1,1,1,"no","","first week"
"7/1/2015 10:07:01",2015-07-01,10H 7M 1S,"bco","middlebury",0,0,0,0,0,0,0,100,3,7,4,"no","","first week"
"7/1/2015 10:26:02",2015-07-01,10H 26M 2S,"jmt","middlebury",0,0,0,0,0,0,0,100,2,4,3,"no","","first week"
"7/2/2015 14:36:50",2015-07-02,14H 36M 50S,"jal","middlebury",0,0,0,0,0,0,0,100,4,5,4,"no","","first week"
"7/5/2015 14:02:00",2015-07-05,14H 2M 0S,"jal","middlebury",1,80,50,70,70,40,60,30,4,5,4,"yes","Salsa",""
"7/5/2015 14:23:13",2015-07-05,14H 23M 13S,"bco","middlebury",1,100,50,50,40,60,50,0,4,7,5,"yes","Tango, Coro",""
"7/5/2015 14:47:03",2015-07-05,14H 47M 3S,"jmt","middlebury",1,70,10,70,30,10,20,10,2,4,3,"yes","Futbol, Voleibol, Coro","Being forced to speak Spanish all the time was the best thing for improving my vocabulary because I was learning everything on a ""need to know basis"". I didn't get around to making note cards for practicing my Spanish until the end of the week and time needed for homework has taken me away from being able to practice my vocabulary more. However, all of my teachers and companeros have been extremely patient with me while I learn my new language. In order to get more out of the co-curriculars, it would have been really great to have a list of basic vocabulary of the activity before engaging in it. For example, ""fuera"" y ""el dentro"" for volleyball."
"7/5/2015 14:59:16",2015-07-05,14H 59M 16S,"mav","middlebury",1,100,50,90,90,20,70,50,3,6,5,"yes","Peliculas, Fiesta",""
"7/5/2015 15:19:32",2015-07-05,15H 19M 32S,"lmw","middlebury",1,100,20,80,90,10,0,0,2,2,2,"yes","Voleibol, Peliculas",""
"7/5/2015 15:42:40",2015-07-05,15H 42M 40S,"blr","middlebury",1,100,50,50,80,10,30,0,7,6,8,"yes","Tango, Coro, Peliculas",""
"7/5/2015 16:30:02",2015-07-05,16H 30M 2S,"djv","middlebury",1,100,50,50,70,10,20,0,4,6,5,"yes","Salsa, Futbol, Voleibol, Teatro, Peliculas, Fiesta","Me divierto la semana pasado!  Me cae bien los maestros y le comprendo mas y mas cada d<U+00ED>a."
"7/5/2015 20:29:13",2015-07-05,20H 29M 13S,"mam","middlebury",1,80,10,70,50,50,50,10,2,7,3,"no","",""
"7/5/2015 21:06:45",2015-07-05,21H 6M 45S,"ems","middlebury",1,90,90,20,90,20,40,0,6,7,6,"yes","Salsa, Teatro","it was a bit on the rough side"
"7/6/2015 15:03:25",2015-07-06,15H 3M 25S,"jkw","middlebury",1,90,40,50,50,10,30,10,4,7,6,"yes","Coro, Tango","This past week I have felt like my abilities speaking Spanish have improved because of the continual usage, but the material in class has been mostly review."
"7/12/2015 13:20:00",2015-07-12,13H 20M 0S,"jal","middlebury",2,60,40,60,60,20,70,30,4,6,5,"yes","Teatro",""
"7/12/2015 13:37:55",2015-07-12,13H 37M 55S,"bco","middlebury",2,100,50,50,40,60,50,0,5,7,6,"yes","Salsa, Coro",""
"7/12/2015 14:21:49",2015-07-12,14H 21M 49S,"mav","middlebury",2,90,50,100,70,70,80,10,5,7,5,"yes","Senderismo",""
"7/12/2015 14:42:55",2015-07-12,14H 42M 55S,"lmw","middlebury",2,100,10,90,100,0,0,0,1,1,1,"yes","Clinica de pronunciacion, Peliculas","nope"
"7/12/2015 15:02:01",2015-07-12,15H 2M 1S,"blr","middlebury",2,90,70,90,90,30,80,10,7,7,7,"yes","Clinica de pronunciacion, Senderismo, Coro, Tango, Club de principiantes","Me siento como mi dedicaci<U+00F3>n a la Palabra de Honor ""slipped"" demasiado frecuentemente, pero ahora he firmado la oficial Palabra de Honor, es hora ""to increase"" ese dedicaci<U+00F3>n y hacer ""five times"" mejor esta semana."
"7/12/2015 15:21:17",2015-07-12,15H 21M 17S,"ems","middlebury",2,90,20,80,70,30,40,0,6,7,6,"yes","Clinica de pronunciacion",""
"7/12/2015 15:45:59",2015-07-12,15H 45M 59S,"djv","middlebury",2,100,50,50,80,10,10,0,4,6,5,"yes","Salsa, Futbol, Voleibol, Teatro, Coro, Tango, Fiesta","Estoy aprendiendo mucho, pero hay es una lucha hablar con fluida todavia."
"7/12/2015 16:03:05",2015-07-12,16H 3M 5S,"mam","middlebury",2,70,20,50,70,10,30,30,3,7,4,"yes","Teatro",""
"7/12/2015 16:26:51",2015-07-12,16H 26M 51S,"jkw","middlebury",2,80,40,40,50,20,10,20,4,7,6,"yes","Salsa, Coro, Tango, Fiesta",""
"7/12/2015 20:37:34",2015-07-12,20H 37M 34S,"jmt","middlebury",2,90,20,80,70,10,30,10,3,5,4,"yes","Voleibol, Clinica de pronunciacion, Senderismo, Yoga","I noticed I have learned more words, which has helped me better explain myself in Spanish."
"7/19/2015 13:22:44",2015-07-19,13H 22M 44S,"jal","middlebury",3,60,30,80,60,30,70,40,4,6,5,"yes","Club de principiantes",""
"7/19/2015 13:40:51",2015-07-19,13H 40M 51S,"bco","middlebury",3,100,50,50,50,50,50,10,6,8,7,"yes","Coro",""
"7/19/2015 14:14:56",2015-07-19,14H 14M 56S,"mav","middlebury",3,90,50,90,70,50,90,20,5,6,5,"yes","Pelicula, Fiesta",""
"7/19/2015 15:00:00",2015-07-19,15H 0M 0S,"blr","middlebury",3,100,60,80,80,20,90,10,8,6,7,"yes","Salsa, Tango, Coro, Peliculas",""
"7/19/2015 15:20:48",2015-07-19,15H 20M 48S,"ems","middlebury",3,90,60,40,60,20,40,0,6,7,6,"yes","Clinica de pronunciacion",""
"7/19/2015 15:44:58",2015-07-19,15H 44M 58S,"djv","middlebury",3,100,50,50,80,10,10,0,4,6,5,"yes","Salsa, Futbol, Voleibol, Teatro, Baloncesto, Fiesta","Estoy disfrutando La Escuela de Espanol.  Cada d<U+00ED>a trato ser mejor que el d<U+00ED>a antes.  "
"7/19/2015 16:04:35",2015-07-19,16H 4M 35S,"mam","middlebury",3,80,20,50,40,30,30,20,4,7,4,"yes","Teatro",""
"7/19/2015 16:23:53",2015-07-19,16H 23M 53S,"jkw","middlebury",3,90,30,70,50,30,20,10,5,6,7,"yes","Club de cocina, Coro ","This week is where I began to feel as if the information in class was not information that I am already completely comfortable with."
"7/19/2015 17:41:57",2015-07-19,17H 41M 57S,"lmw","middlebury",3,90,10,80,100,0,0,10,1,1,1,"yes","Voleibol, Clinica de pronunciacion, Senderismo",""
"7/19/2015 20:40:31",2015-07-19,20H 40M 31S,"jmt","middlebury",3,70,30,70,60,20,50,30,3,5,4,"yes","Voleibol, Clinica de pronunciacion","I felt like I didn't progress as much this week as I have in past weeks because much of my homework was focused on a research project/presentation for culture and I wasn't able to spend the time I would have liked to learn more vocabulary and grammar. "
"7/26/2015 13:18:57",2015-07-26,13H 18M 57S,"jal","middlebury",4,70,30,70,60,40,70,30,5,6,5,"yes","",""
"7/26/2015 13:42:34",2015-07-26,13H 42M 34S,"bco","middlebury",4,90,40,60,40,60,50,10,6,7,6,"yes","Coro",""
"7/26/2015 14:18:23",2015-07-26,14H 18M 23S,"mav","middlebury",4,90,60,90,70,50,80,10,6,7,6,"yes","Senderismo",""
"7/26/2015 15:00:11",2015-07-26,15H 0M 11S,"blr","middlebury",4,90,40,60,70,30,50,10,8,9,8,"yes","Clinica de pronunciacion, Coro, Tango, Club de principiantes, Fiesta",""
"7/26/2015 15:22:30",2015-07-26,15H 22M 30S,"ems","middlebury",4,100,60,40,70,40,50,0,6,8,6,"yes","Clinica de pronunciacion",""
"7/26/2015 15:44:33",2015-07-26,15H 44M 33S,"djv","middlebury",4,100,60,40,80,10,10,0,5,7,5,"yes","Futbol, Voleibol, Teatro, Fiesta, Tango","Estoy disfrutando la programa todavia.  Gracias a mis maestros y companeros."
"7/26/2015 16:02:07",2015-07-26,16H 2M 7S,"mam","middlebury",4,80,20,60,30,30,50,20,7,4,5,"yes","Teatro",""
"7/26/2015 16:27:21",2015-07-26,16H 27M 21S,"jkw","middlebury",4,100,30,70,80,10,10,0,7,6,6,"yes","Coro, Fiesta","My ability to produce has grown exponentially. I think once I know more grammar, like the imperfect or the subjunctive, I will be almost capable to say anything I want in Spanish. "
"7/26/2015 16:46:29",2015-07-26,16H 46M 29S,"lmw","middlebury",4,90,20,80,100,0,0,10,1,2,1,"yes","Voleibol, Clinica de pronunciacion","nada"
"7/26/2015 18:29:15",2015-07-26,18H 29M 15S,"jmt","middlebury",4,70,40,60,90,10,60,10,4,5,4,"yes","Voleibol, Senderismo","Estoy muy contenta que entiendo el pret<U+00E9>rito ahora. Gracias dios!"
"8/2/2015 13:22:56",2015-08-02,13H 22M 56S,"jal","middlebury",5,70,30,70,60,20,60,30,5,6,5,"no","",""
"8/2/2015 13:41:15",2015-08-02,13H 41M 15S,"bco","middlebury",5,100,40,60,40,60,50,0,6,8,7,"yes","Coro",""
"8/2/2015 14:06:17",2015-08-02,14H 6M 17S,"jmt","middlebury",5,90,50,50,80,20,50,10,5,6,5,"yes","Voleibol, Clinica de pronunciacion, Teatro","Knowing the preterito y imperfecto is VERY helpful for my communication over all. I only wish we would have learned it sooner but it is a lot to comprehend all at once so I'm glad we have the next couple of weeks to practice it more. "
"8/2/2015 14:19:36",2015-08-02,14H 19M 36S,"mav","middlebury",5,90,70,90,70,40,90,10,6,7,6,"yes","Senderismo",""
"8/2/2015 15:11:51",2015-08-02,15H 11M 51S,"blr","middlebury",5,90,40,60,40,10,60,10,7,7,7,"yes","Clinica de pronunciacion, Coro",""
"8/2/2015 15:24:16",2015-08-02,15H 24M 16S,"ems","middlebury",5,100,30,70,60,40,50,0,6,7,6,"yes","Clinica de pronunciacion",""
"8/2/2015 15:45:02",2015-08-02,15H 45M 2S,"djv","middlebury",5,100,50,50,80,10,10,0,5,7,5,"yes","Futbol, Voleibol, Teatro, Baloncesto, Tango","Solamente dos mas semanas hasta el de la programa.  Muy divertido, deseo mas tiempo aprender."
"8/2/2015 16:05:47",2015-08-02,16H 5M 47S,"mam","middlebury",5,70,20,50,30,20,30,30,4,7,5,"no","",""
"8/3/2015 10:01:11",2015-08-03,10H 1M 11S,"jkw","middlebury",5,90,30,70,50,10,40,10,7,8,7,"yes","Club de cocina, Coro",""
"8/3/2015 21:03:09",2015-08-03,21H 3M 9S,"lmw","middlebury",5,90,40,60,100,0,0,10,2,3,2,"yes","Voleibol, Clinica de pronunciacion, Peliculas","nada, nunca, no"
"8/9/2015 13:22:43",2015-08-09,13H 22M 43S,"jal","middlebury",6,80,30,70,60,30,70,30,5,6,6,"yes","Cafe creativo",""
"8/9/2015 13:40:01",2015-08-09,13H 40M 1S,"bco","middlebury",6,100,40,60,50,50,50,0,6,8,7,"yes","Coro",""
"8/9/2015 14:09:29",2015-08-09,14H 9M 29S,"jmt","middlebury",6,90,50,50,50,10,50,20,5,6,5,"yes","Voleibol, Club de cocina, Club creativo","It was helpful to write stories and learn mandates in both our grammar and writing classes. "
"8/9/2015 14:36:27",2015-08-09,14H 36M 27S,"lmw","middlebury",6,90,60,40,100,0,0,10,2,3,2,"yes","Voleibol, Clinica de pronunciacion",""
"8/9/2015 15:02:41",2015-08-09,15H 2M 41S,"blr","middlebury",6,90,60,80,50,10,80,0,8,9,9,"yes","Clinica de pronunciacion, Coro",""
"8/9/2015 15:24:14",2015-08-09,15H 24M 14S,"ems","middlebury",6,100,30,70,60,30,50,0,6,7,6,"yes","Clinica de pronunciacion, Club de cocina",""
"8/9/2015 15:46:01",2015-08-09,15H 46M 1S,"djv","middlebury",6,100,50,50,80,10,10,100,5,7,5,"yes","Futbol, Voleibol, Cabaret, Coro","Estoy un poco triste que el fin del programa es pronto.  Pero la experiencia fue super maravillosa.  Much<U+00ED>sima gracias a todas personas, estudiantes, profesoras y biling<U+00FC>es!"
"8/9/2015 16:03:21",2015-08-09,16H 3M 21S,"mam","middlebury",6,70,30,40,40,30,50,30,5,7,5,"no","",""
"8/9/2015 16:19:50",2015-08-09,16H 19M 50S,"jkw","middlebury",6,70,30,70,70,10,20,30,6,7,7,"yes","Club de cocina, Coro",""
"8/9/2015 20:57:10",2015-08-09,20H 57M 10S,"mav","middlebury",6,90,70,90,60,50,90,10,6,7,6,"yes","Fiesta ",""
