file,begin,end,speaker,overall_log_likelihood,speech_log_likelihood,phone_duration_deviation,snr
mam_prodShadow4_caca1,0.0,0.847,mam,-54.18071001838236,-52.94865322113037,8.984562139837047,9.841144869652265
jmt_prodShadow4_taka2,0.0,1.225,jmt,-49.58519912347561,-48.529701232910156,4.798237276710781,10.848289788203925
mam_prodShadow4_ada,0.0,1.004,mam,-49.483984375,-52.61721928914388,4.2072390150411625,14.135307045353796
ems_prodShadow4_taka1,0.0,0.962,ems,-54.57902526855469,-52.22653675079346,3.8141938922773915,7.6302743006529035
mam_prodShadow4_taka,0.0,1.006,mam,-52.87360767326733,-54.597211837768555,3.691188560869419,8.302275544029719
lmw_prodShadow4_taka2,0.0,1.2035147392290249,lmw,-48.574869791666664,-51.72751426696777,3.691188560869419,12.432410274986463
ems_prodShadow4_daka1,0.0,1.1596825396825396,ems,-53.80291537580819,-54.24640655517578,3.6799383447088228,6.997503453614328
lmw_prodShadow4_eda2,0.0,1.223,lmw,-45.82511926869877,-49.2301025390625,3.2893986937215995,18.55759654845921
lmw_prodShadow4_ada1,0.0,1.0939455782312926,lmw,-48.61997383887615,-54.49972788492838,3.2893976883907814,14.409936620419044
blr_prodShadow4_daka1,0.0,1.269,blr,-57.77426796259842,-57.179266929626465,3.2326804719195783,17.092289518393628
ems_prodShadow4_bala,0.0,1.225,ems,-53.79905440167683,-51.55468273162842,3.1207323317145255,8.564293837906762
lmw_prodShadow4_ita2,0.0,1.1158503401360544,lmw,-44.499703543526785,-46.339561462402344,3.1207313263837078,15.781177940830801
jkw_prodShadow4_taka,0.0,0.962,jkw,-49.44237263997396,-49.99647903442383,3.0761611706599474,8.427284903633726
jkw_prodShadow4_taka1,0.0,0.962,jkw,-53.8231201171875,-56.57261562347412,3.0761611706599474,9.97435032395003
blr_prodShadow4_caca1,0.0,1.0719954648526078,blr,-49.31188394421729,-56.238553047180176,2.952065969707452,18.39159939342945
lmw_prodShadow4_uta1,0.0,1.313,lmw,-48.2947876908397,-53.21545537312826,2.952065969707452,15.781826219401719
ems_prodShadow4_paka,0.0,1.225,ems,-49.7269118394309,-53.07711982727051,2.874696045676669,5.527139494343039
ems_prodShadow4_bola1,0.0,1.1596825396825396,ems,-45.53073225350216,-58.03628730773926,2.783399607700378,13.740376110427503
lmw_prodShadow4_ada,0.0,1.1815873015873015,lmw,-47.59571140095339,-51.24346160888672,2.783399607700378,19.38354900499477
blr_prodShadow4_gota2,0.0,1.247,blr,-47.72517578125,-57.66308403015137,2.78339860236956,17.597841387474936
lmw_prodShadow4_oba2,0.0,1.4929024943310658,lmw,-43.39805080746644,-42.18562698364258,2.7803662251912584,15.505624964215862
blr_prodShadow4_taka2,0.0,1.05,blr,-51.234765625,-55.18245601654053,2.7071448098512256,16.309003710051655
ems_prodShadow4_gota,0.0,1.3569160997732426,ems,-54.241279153262866,-64.62824630737305,2.6415893398855093,1.3861516253775434
blr_prodShadow4_uta2,0.0,1.2035147392290249,blr,-50.8046875,-56.08900833129883,2.6147332456933046,16.412669417128587
lmw_prodShadow4_taka1,0.0,1.269,lmw,-46.600912739911415,-53.88565540313721,2.6147322403624864,15.182191655680008
jal_prodShadow4_gota,0.0,0.94,jal,-53.95689099900266,-56.443979263305664,2.613930008510891,6.638144432820788
ems_prodShadow4_bala2,0.0,1.0939455782312926,ems,-49.98859930475918,-50.67562198638916,2.6139295058454817,12.339051533831352
djv_prodShadow4_ada1,0.0,1.0747619047619048,djv,-47.67516063084112,-53.39295959472656,2.5452722326498667,18.78872350879972
bco_prodShadow4_gota,0.0,1.1596825396825396,bco,-52.33010338092672,-53.893789291381836,2.497995679480698,8.00039034063543
lmw_prodShadow4_bala1,0.0,1.291,lmw,-40.19562288032946,-39.938517570495605,2.4460668836862305,17.713378503108334
bco_prodShadow4_bala2,0.0,1.316938775510204,bco,-47.276163736979164,-52.2827205657959,2.4460668836862305,13.471784020303033
blr_prodShadow4_gaka1,0.0,1.1377551020408163,blr,-48.47475928591009,-54.78611660003662,2.4460668836862305,20.596340573144047
lmw_prodShadow4_eda1,0.0,1.115827664399093,lmw,-45.33018275669643,-48.814412434895836,2.4460668836862305,17.610829991405648
lmw_prodShadow4_baka2,0.0,1.4226984126984128,lmw,-48.51533271897007,-53.816452980041504,2.4460668836862305,15.173993170410721
blr_prodShadow4_baka1,0.0,1.028,blr,-50.62282406705097,-56.11757850646973,2.4460658783554123,17.365957546913805
lmw_prodShadow4_uta,0.0,1.072,lmw,-47.01018089223131,-52.148064931233726,2.4460658783554123,16.797691494373453
jkw_prodShadow4_eda,0.0,0.8747619047619047,jkw,-49.04217739762931,-50.887158711751304,2.4460658783554123,12.593550067073064
jkw_prodShadow4_paka,0.0,1.072,jkw,-51.295912127628505,-55.15054130554199,2.394818390196936,8.944015924322525
mav_prodShadow4_ada1,0.0,1.1377551020408163,mav,-47.7426971970943,-47.4700927734375,2.3606093791261036,12.826149675459835
jal_prodShadow4_bala1,0.0,1.115827664399093,jal,-42.432931082589285,-40.348050117492676,2.332713765310743,15.715866272262119
blr_prodShadow4_kaka2,0.0,0.962,blr,-50.15253702799479,-54.834529876708984,2.3100079976789183,15.257644347028524
lmw_prodShadow4_ita1,0.0,1.247,lmw,-44.8971875,-45.82204945882162,2.277400521679157,14.401745017541739
lmw_prodShadow4_daka,0.0,1.1596825396825396,lmw,-49.05771400188578,-51.49630641937256,2.277400521679157,15.771164145518341
lmw_prodShadow4_eda,0.0,1.093922902494331,lmw,-45.85318861095183,-43.09442647298177,2.277400521679157,15.920824063020277
ems_prodShadow4_bala1,0.0,1.006,ems,-48.419772006497524,-48.004029273986816,2.277400019013748,12.337395077716806
lmw_prodShadow4_uta2,0.0,1.0719954648526078,lmw,-47.35197776723131,-52.06010055541992,2.2773995163483387,16.691553278650552
blr_prodShadow4_bala2,0.0,1.072,blr,-44.21582943925234,-45.047380447387695,2.2773995163483387,19.317365103350323
blr_prodShadow4_uta1,0.0,1.093922902494331,blr,-52.28291642775229,-61.13610331217448,2.2773995163483387,19.0976859688305
lmw_prodShadow4_paka,0.0,1.072,lmw,-45.809866931950936,-47.88823318481445,2.2773995163483387,11.734934326910029
jkw_prodShadow4_epa1,0.0,1.225,jkw,-53.10438897357724,-58.11092885335287,2.2765972844967433,9.800987509690932
jal_prodShadow4_daka2,0.0,1.05,jal,-48.62903645833333,-55.280263900756836,2.276596279165925,8.182966590147647
jmt_prodShadow4_taka,0.0,0.8528344671201814,jmt,-52.04417509191177,-51.42267894744873,2.215123117634531,9.980720509944696
lmw_prodShadow4_gota2,0.0,1.247,lmw,-51.581578125,-52.9143123626709,2.2146693816000567,15.378698309650792
bco_prodShadow4_gaka2,0.0,1.093922902494331,bco,-51.8633798021789,-56.29908752441406,2.2146693816000567,7.530632460309633
jkw_prodShadow4_gaka,0.0,1.1815873015873015,jkw,-48.076469809322035,-53.82291030883789,2.2146685372210846,13.40725722944745
lmw_prodShadow4_paka2,0.0,1.313,lmw,-44.330406130725194,-46.47975158691406,2.18915630435509,13.420036629493822
blr_prodShadow4_ada2,0.0,0.87,blr,-48.0963485542385,-46.20430374145508,2.1759465256023405,15.745265744404803
blr_prodShadow4_eda2,0.0,1.006,blr,-47.712992148824256,-53.06042989095052,2.108733154341265,19.481173344232722
lmw_prodShadow4_bala2,0.0,1.269,lmw,-41.755997785433074,-42.165072441101074,2.108733154341265,15.035489352318073
lmw_prodShadow4_kaka2,0.0,1.1377551020408163,lmw,-48.39381167763158,-50.25649452209473,2.108733154341265,15.145116440337638
blr_prodShadow4_eda1,0.0,1.028,blr,-46.24732630461165,-47.17756271362305,2.108733154341265,19.030695797435648
blr_prodShadow4_ita2,0.0,1.313,blr,-61.53952096254771,-61.318597157796226,2.1082737951017463,12.687568350096207
bco_prodShadow4_caca1,0.0,0.9185941043083901,bco,-50.70681895380435,-60.50753211975098,2.1079299171588515,10.039807133333635
jkw_prodShadow4_bala2,0.0,1.181609977324263,jkw,-46.09726314221398,-46.823513984680176,2.0922287045675643,16.96143550923796
lmw_prodShadow4_bola,0.0,1.203,lmw,-44.5646484375,-44.85062217712402,2.0922287045675643,15.074384941088402
bco_prodShadow4_bola1,0.0,1.028,bco,-54.59151717991505,-59.290605545043945,2.092228346215489,9.075665665200052
djv_prodShadow4_oba2,0.0,0.962,djv,-51.76237487792969,-58.1458854675293,2.089850664772363,14.223829233383125
jkw_prodShadow4_oba1,0.0,1.093922902494331,jkw,-48.5834020212156,-51.712449391682945,2.089848671735697,14.863487756054575
ems_prodShadow4_gota2,0.0,0.8528344671201814,ems,-59.41048943014706,-62.397095680236816,2.060666023995297,7.8987576552850705
ems_prodShadow4_paka1,0.0,0.962,ems,-54.03011576334635,-56.57505416870117,2.0520485195361466,11.048076918596223
lmw_prodShadow4_paka1,0.0,1.225,lmw,-42.839986661585364,-45.28631401062012,2.0520485195361466,11.919285199012357
blr_prodShadow4_ada,0.0,0.94,blr,-50.524014087433514,-50.061370849609375,1.9912831217398632,19.384634378543325
mav_prodShadow4_paka2,0.0,1.028,mav,-50.414583965412625,-49.76041793823242,1.9834944228199598,10.303490916024433
djv_prodShadow4_eda,0.0,1.006,djv,-47.13972095451733,-52.29970169067383,1.9400667923341912,16.1845761067536
djv_prodShadow4_eda2,0.0,1.1377551020408163,djv,-45.23342413651316,-53.519849141438804,1.9400667923341912,17.37648242429788
blr_prodShadow4_paka2,0.0,1.093922902494331,blr,-48.89497025516055,-51.02189254760742,1.9400667923341912,15.742418818917724
blr_prodShadow4_ita1,0.0,1.1158503401360544,blr,-52.35209437779018,-59.540236155192055,1.9400667923341912,16.149838561243083
lmw_prodShadow4_baka1,0.0,1.335,lmw,-47.430715076958954,-52.52744483947754,1.9400657870033733,15.511055172729826
lmw_prodShadow4_oka,0.0,1.1377551020408163,lmw,-52.46771775630482,-51.26948038736979,1.9400657870033733,14.032672791881744
blr_prodShadow4_daka,0.0,1.006,blr,-48.46867748298267,-55.495863914489746,1.9400657870033733,18.31263930215148
lmw_prodShadow4_oka1,0.0,1.05,lmw,-50.287672061011904,-51.510214487711586,1.9400657870033733,14.898680560677258
jkw_prodShadow4_daka2,0.0,1.05,jkw,-54.32231212797619,-55.893324851989746,1.9392635551517776,9.608000358693145
bco_prodShadow4_gaka1,0.0,0.8966893424036281,bco,-52.301052517361114,-56.1516637802124,1.9313426615299296,10.860099051593458
djv_prodShadow4_oka1,0.0,1.2035147392290249,djv,-51.571573893229164,-60.32986958821615,1.9066332834930466,16.22209410207148
mam_prodShadow4_caca2,0.0,1.1158503401360544,mam,-49.74355207170759,-51.224464416503906,1.906632081334407,14.9025376563671
jal_prodShadow4_kaka1,0.0,0.765,jal,-54.249619521103895,-57.15614700317383,1.9066308791757678,11.278976658947373
blr_prodShadow4_caca,0.0,1.072,blr,-48.180499780957945,-53.717079162597656,1.9066308791757678,19.20809931260259
mav_prodShadow4_kaka1,0.0,1.05,mav,-52.54791201636905,-51.559401512145996,1.9066308791757678,13.193119596522106
jmt_prodShadow4_kaka2,0.0,0.721,jmt,-51.054036458333336,-52.51318168640137,1.9066308791757678,14.92362847573354
bco_prodShadow4_kaka,0.0,1.093922902494331,bco,-52.64854053182339,-55.99725914001465,1.9066308791757678,8.41401689738699
lmw_prodShadow4_kaka1,0.0,1.225,lmw,-48.176880875254064,-49.72450351715088,1.9066308791757678,13.418378512726008
lmw_prodShadow4_caca,0.0,0.8747619047619047,lmw,-48.00323837104885,-52.68794822692871,1.9066302780964481,14.589392048160546
blr_prodShadow4_uta,0.0,0.92,blr,-53.787778108016305,-58.812808990478516,1.8889907682930276,15.427201701292233
jmt_prodShadow4_bala,0.0,1.0505215419501133,jmt,-47.612634858630955,-44.35250377655029,1.8517422104160846,13.934734553245658
jkw_prodShadow4_bola,0.0,1.072,jkw,-54.46487113025701,-62.09328556060791,1.8517422104160846,12.9287228178735
mam_prodShadow4_oka2,0.0,1.093922902494331,mam,-51.64543165854358,-50.75986353556315,1.8121601216115562,13.310746118142127
lmw_prodShadow4_oba1,0.0,1.1377551020408163,lmw,-46.23757881030702,-42.6403694152832,1.8121601216115562,16.01236036017484
lmw_prodShadow4_bola2,0.0,1.335,lmw,-40.30855731110075,-41.945505142211914,1.8121595445155412,14.635434429339124
mam_prodShadow4_oka,0.0,1.006,mam,-51.15834815903465,-53.574225107828774,1.8121595445155412,12.292756081696346
lmw_prodShadow4_oba,0.0,1.291,lmw,-43.01003815406977,-44.6347910563151,1.8121595445155412,15.002638215881355
jmt_prodShadow4_oba2,0.0,0.809,jmt,-52.9799503279321,-58.547533671061196,1.8121595445155412,12.087481812364338
djv_prodShadow4_ada2,0.0,1.1596825396825396,djv,-49.15518925107759,-51.67335891723633,1.8066197178773862,18.180506852784667
djv_prodShadow4_ada,0.0,1.0286167800453514,djv,-48.05824294599515,-48.969034830729164,1.8066197178773862,16.292986404954004
blr_prodShadow4_eda,0.0,1.106984126984127,blr,-44.862617011542795,-43.82254155476888,1.77693495890645,20.27764827701783
bco_prodShadow4_eda2,0.0,0.9185941043083901,bco,-47.34568189538044,-51.98484675089518,1.7769344138966956,8.40341825483705
lmw_prodShadow4_gota1,0.0,1.335,lmw,-44.413687179337686,-52.969143867492676,1.7714004303271174,17.01041749643939
jkw_prodShadow4_ita,0.0,0.94,jkw,-49.90764731549202,-51.832993825276695,1.7714004303271174,12.777394055162507
lmw_prodShadow4_gaka,0.0,1.028,lmw,-47.63011510163835,-52.380746841430664,1.7714004303271174,13.716612514351711
lmw_prodShadow4_bala,0.0,1.313,lmw,-41.83509884899809,-45.77203559875488,1.7714004303271174,17.97767498806444
djv_prodShadow4_uta1,0.0,0.872,djv,-52.02149559985632,-54.86605962117513,1.7713994249962994,15.60911506740893
lmw_prodShadow4_ita,0.0,1.072,lmw,-46.38147086740654,-53.380322774251304,1.7713994249962994,16.39787466699661
bco_prodShadow4_caca,0.0,0.8747619047619047,bco,-48.7535470545977,-55.48076629638672,1.770596690479295,10.343607343581919
lmw_prodShadow4_gaka2,0.0,1.1158503401360544,lmw,-45.048570905412944,-50.64535045623779,1.7237655916698646,14.64885965783144
mav_prodShadow4_paka,0.0,1.093922902494331,mav,-52.989741614105505,-53.879743576049805,1.7092786488753573,7.363517733069205
jmt_prodShadow4_ita2,0.0,0.9405215419501134,jmt,-46.91880506150266,-50.04738235473633,1.7002189077512382,9.605769723774284
mav_prodShadow4_gota,0.0,1.05,mav,-52.427227492559524,-53.59487247467041,1.6733838134018224,10.29738369820442
bco_prodShadow4_gaka,0.0,0.94,bco,-54.812858419215424,-60.04142761230469,1.6480159414598023,8.50766352958252
jkw_prodShadow4_gaka1,0.0,1.1377551020408163,jkw,-48.63916872258772,-52.5453519821167,1.6480159414598023,13.121308051696765
jkw_prodShadow4_gaka2,0.0,1.093922902494331,jkw,-51.00333285550459,-51.945547103881836,1.6480159414598023,11.825556620226592
djv_prodShadow4_paka1,0.0,0.984,djv,-50.40731126434949,-51.97252178192139,1.6407247564658856,13.879330183951405
blr_prodShadow4_oka,0.0,0.765,blr,-51.05999518060065,-53.943180084228516,1.6185184392188037,13.612227789610657
bco_prodShadow4_bola2,0.0,0.94,bco,-54.35340654089096,-60.39920616149902,1.6112564329687555,9.258706592393114
jkw_prodShadow4_bala,0.0,1.1596825396825396,jkw,-46.63494241648707,-52.49302959442139,1.611255716264605,15.653144951737728
ems_prodShadow4_bola,0.0,0.962,ems,-47.12108866373698,-54.398569107055664,1.6027340683200437,8.815989713492641
blr_prodShadow4_kaka,0.0,1.028,blr,-48.718389714805824,-53.55874538421631,1.6027340683200437,16.69477225256072
lmw_prodShadow4_gaka1,0.0,1.378843537414966,lmw,-47.8953662817029,-50.11865711212158,1.6027340683200437,14.825740967585148
blr_prodShadow4_ada1,0.0,1.072,blr,-50.711854738609816,-53.3360481262207,1.6027340683200437,18.90209418197251
blr_prodShadow4_oka2,0.0,1.1377777777777778,blr,-58.03820158305921,-63.5489387512207,1.6027340683200437,14.418751869741289
mav_prodShadow4_oka2,0.0,0.919,mav,-51.22622282608695,-54.10085678100586,1.6027340683200437,11.419516067520146
blr_prodShadow4_bala,0.0,0.984,blr,-45.92919921875,-48.97007179260254,1.6027330629892256,19.608945265801047
lmw_prodShadow4_oka2,0.0,1.1596825396825396,lmw,-52.149885506465516,-52.93782297770182,1.6027330629892256,15.354978844915973
lmw_prodShadow4_daka1,0.0,1.0939455782312926,lmw,-45.65447158113532,-50.12377071380615,1.6027330629892256,15.230532815877828
djv_prodShadow4_eda1,0.0,1.225,djv,-54.80677162728659,-51.247912089029946,1.6027330629892256,15.042479198741471
lmw_prodShadow4_taka,0.0,1.028,lmw,-44.87440742566748,-52.204402923583984,1.6027330629892256,14.883244652089493
blr_prodShadow4_baka2,0.0,1.269,blr,-46.511303518700785,-53.31006908416748,1.6027330629892256,18.12743627380126
blr_prodShadow4_daka2,0.0,1.225,blr,-49.21945661839431,-59.21327304840088,1.6027330629892256,19.041662494299374
blr_prodShadow4_epa1,0.0,0.9405215419501134,blr,-51.85529733211436,-55.04957834879557,1.6027330629892256,19.349563500845477
lmw_prodShadow4_epa1,0.0,1.291,lmw,-47.708431746608525,-51.57323964436849,1.6027330629892256,15.327570006417222
ems_prodShadow4_caca2,0.0,0.962,ems,-55.737884521484375,-58.480759620666504,1.6019308311376301,9.575845227489118
ems_prodShadow4_epa,0.0,1.1596825396825396,ems,-53.59765204067888,-59.54772694905599,1.6019308311376301,2.2945158246609427
bco_prodShadow4_baka,0.0,1.269,bco,-49.37733375369095,-56.61722946166992,1.601930328472221,9.643890224490047
bco_prodShadow4_paka1,0.0,0.9185941043083901,bco,-48.64958389945652,-49.11877918243408,1.5721706597496987,6.650860269972057
jmt_prodShadow4_paka1,0.0,1.072,jmt,-48.32429632739486,-49.32750225067139,1.5721706597496987,6.081482557167966
ems_prodShadow4_uta,0.0,0.9405215419501134,ems,-46.3542792137633,-58.35711669921875,1.571757006029221,10.875444538073605
jal_prodShadow4_uta2,0.0,0.94,jal,-45.539794921875,-52.47784169514974,1.5717557168004215,13.29943607167348
bco_prodShadow4_ita,0.0,1.006,bco,-49.35783763923267,-52.707481384277344,1.5642031657614432,9.867805157371741
blr_prodShadow4_bola1,0.0,1.072,blr,-47.414359119450936,-49.76385974884033,1.558278980486537,18.754496629278847
blr_prodShadow4_bola2,0.0,1.028,blr,-46.61441899271845,-49.50387477874756,1.558278980486537,19.45849255784086
jmt_prodShadow4_bola,0.0,0.984,jmt,-49.42200952646684,-47.375497817993164,1.558278980486537,14.702404082316331
jmt_prodShadow4_bala1,0.0,1.05,jmt,-42.07167038690476,-42.543171882629395,1.558278980486537,16.32514829402397
jmt_prodShadow4_bola2,0.0,1.093922902494331,jmt,-45.567378332855505,-49.68237018585205,1.558278980486537,15.810596745598874
djv_prodShadow4_paka2,0.0,1.1596825396825396,djv,-48.547712654903016,-52.474632263183594,1.5036167673402268,14.498284732958448
jkw_prodShadow4_kaka1,0.0,1.137687074829932,jkw,-55.27233672560307,-57.478739738464355,1.5032537606726173,16.421133129863914
ems_prodShadow4_caca,0.0,1.1377551020408163,ems,-59.04285310444079,-61.68186092376709,1.5032537606726173,6.768626191125577
jkw_prodShadow4_caca,0.0,1.093922902494331,jkw,-49.51586242115825,-58.75398826599121,1.5032537606726173,14.306776821585402
djv_prodShadow4_caca1,0.0,1.093922902494331,djv,-48.09390230791284,-54.1900577545166,1.5032537606726173,17.502703825877248
mav_prodShadow4_caca2,0.0,0.962,mav,-47.55582173665365,-53.42547416687012,1.5032537606726173,11.339358383839288
lmw_prodShadow4_caca1,0.0,1.072,lmw,-48.62549740800234,-54.327656745910645,1.5032537606726173,14.571888324599742
djv_prodShadow4_oka,0.0,0.809,djv,-53.29875578703704,-54.64446258544922,1.5032537606726173,14.50022347082221
djv_prodShadow4_caca,0.0,0.8309297052154195,djv,-54.120834902108435,-55.35878849029541,1.5032537606726173,16.534726784418382
mav_prodShadow4_caca,0.0,0.8528344671201814,mav,-49.020191865808826,-51.64366149902344,1.5032537606726173,12.280269262471508
lmw_prodShadow4_caca2,0.0,1.028,lmw,-48.14254968143204,-51.2437047958374,1.5032537606726173,15.098168643611434
djv_prodShadow4_caca2,0.0,1.2035147392290249,djv,-48.01323649088542,-54.80956745147705,1.5032537606726173,18.32420127703859
jmt_prodShadow4_oka2,0.0,0.8966893424036281,jmt,-47.225651041666666,-52.1592903137207,1.5032537606726173,15.72356657597252
blr_prodShadow4_caca2,0.0,0.984,blr,-52.577263034119895,-58.31184482574463,1.5032537606726173,17.44625095250261
mam_prodShadow4_kaka2,0.0,1.006,mam,-53.26687229269802,-56.59558391571045,1.5032537606726173,13.648700709331546
bco_prodShadow4_caca2,0.0,1.1596825396825396,bco,-50.809191473599135,-56.92094421386719,1.5032537606726173,9.138969569180436
jmt_prodShadow4_caca,0.0,1.1596825396825396,jmt,-49.83443898168103,-55.11294174194336,1.5032537606726173,14.106495239063495
bco_prodShadow4_kaka1,0.0,0.8309297052154195,bco,-51.22496234939759,-54.90271282196045,1.5032537606726173,9.527277923473324
djv_prodShadow4_kaka2,0.0,0.8966666666666666,djv,-45.778955078125,-53.23867321014404,1.5032531595932976,16.488273267968744
mam_prodShadow4_caca,0.0,0.743,mam,-54.138516812711146,-55.21530342102051,1.5032531595932976,12.579468513210337
mam_prodShadow4_oka1,0.0,0.9405215419501134,mam,-50.437874002659576,-52.62573369344076,1.503252558513978,10.981420384432678
lmw_prodShadow4_kaka,0.0,1.181609977324263,lmw,-45.85426459878178,-51.078338623046875,1.503252558513978,14.406862135321122
mam_prodShadow4_kaka1,0.0,0.9405215419501134,mam,-53.038527468417556,-54.12956142425537,1.503252558513978,13.845824688471424
djv_prodShadow4_oka2,0.0,1.0939455782312926,djv,-50.00750788417431,-57.92507680257162,1.5032513563553385,15.949049326592837
mav_prodShadow4_gota2,0.0,0.962,mav,-54.7420908610026,-54.43596935272217,1.47974213100907,12.120159031317119
ems_prodShadow4_gota1,0.0,1.1158503401360544,ems,-55.363316127232146,-64.96136951446533,1.47974213100907,11.428720550457165
mav_prodShadow4_gota1,0.0,0.8966893424036281,mav,-48.959423828125,-54.395795822143555,1.47974213100907,12.33494052132189
jkw_prodShadow4_paka2,0.0,0.94,jkw,-52.40181391289894,-56.46214199066162,1.435062874930755,11.3767879463331
blr_prodShadow4_paka,0.0,1.203,blr,-48.395955403645836,-51.394269943237305,1.4340677063129699,17.467402056479617
blr_prodShadow4_kaka1,0.0,1.028,blr,-49.01306507888349,-56.18294429779053,1.4340677063129699,17.136682031722657
lmw_prodShadow4_daka2,0.0,1.093922902494331,lmw,-50.837608407396786,-54.01108264923096,1.4340677063129699,14.462626580669625
jal_prodShadow4_caca2,0.0,0.94,jal,-46.243808178191486,-47.801236152648926,1.4340677063129699,13.823717141218832
mam_prodShadow4_ada2,0.0,0.775827664399093,mam,-51.32066306089744,-43.36808776855469,1.4340672036475608,13.973979385665565
blr_prodShadow4_oba1,0.0,1.1158503401360544,blr,-47.77101353236607,-54.44423039754232,1.434066700982152,18.702576181216678
blr_prodShadow4_apa,0.0,0.962,blr,-50.4727528889974,-50.523844401041664,1.434066700982152,15.911515064019145
blr_prodShadow4_oba2,0.0,0.8966666666666666,blr,-56.454823133680556,-57.9778938293457,1.434066700982152,19.600228873959423
lmw_prodShadow4_apa1,0.0,0.8528571428571429,lmw,-47.59742647058823,-47.92065938313802,1.434066700982152,17.446107295579296
blr_prodShadow4_gota1,0.0,1.093922902494331,blr,-52.357829522649084,-62.74767875671387,1.434066700982152,17.295894186920492
lmw_prodShadow4_bola1,0.0,1.269,lmw,-48.058562992125985,-45.93095588684082,1.434066700982152,14.122869869054064
jmt_prodShadow4_ada1,0.0,1.072,jmt,-45.1746906030958,-52.22405115763346,1.434066700982152,16.280380303122776
ems_prodShadow4_kaka1,0.0,1.225,ems,-50.920481612042686,-62.73330211639404,1.4332644691305563,9.47578594991649
ems_prodShadow4_oka2,0.0,0.8309297052154195,ems,-54.37552357868976,-57.18151982625326,1.4332644691305563,8.978089279292181
jkw_prodShadow4_uta1,0.0,1.115827664399093,jkw,-52.63643101283482,-64.42187754313152,1.4332644691305563,11.591490760975947
jmt_prodShadow4_caca1,0.0,0.9405215419501134,jmt,-53.1071154005984,-51.1867094039917,1.4332644691305563,11.439449778813644
ems_prodShadow4_taka2,0.0,0.743,ems,-54.091219515413854,-55.417202949523926,1.4332639664651474,10.737504390268617
jal_prodShadow4_caca,0.0,0.787,jal,-55.633677808544306,-55.47477912902832,1.4332639664651474,13.520266493329466
mav_prodShadow4_paka1,0.0,0.9405215419501134,mav,-49.35874127327128,-51.53723907470703,1.4332639664651474,9.978132101494744
bco_prodShadow4_taka,0.0,0.8528344671201814,bco,-48.476809512867646,-53.30821514129639,1.4332639664651474,8.902558191159763
jmt_prodShadow4_gaka,0.0,0.8309297052154195,jmt,-48.08969667733434,-57.20191192626953,1.4332639664651474,14.914804706839721
bco_prodShadow4_baka2,0.0,1.028,bco,-48.828053891080096,-53.68558120727539,1.4332639664651474,9.978896509026004
mav_prodShadow4_gaka,0.0,0.743,mav,-52.668067725929056,-52.45190143585205,1.4332639664651474,11.23198058900638
bco_prodShadow4_daka2,0.0,0.962,bco,-49.11016845703125,-54.26619243621826,1.4332639664651474,10.756493222884789
bco_prodShadow4_taka1,0.0,0.8966666666666666,bco,-52.147710503472226,-56.79387950897217,1.4332639664651474,11.096541037652056
jal_prodShadow4_baka,0.0,0.8309297052154195,jal,-51.30620528990964,-53.21168613433838,1.4332639664651474,12.243376968619174
mav_prodShadow4_baka,0.0,0.984,mav,-53.69566127232143,-54.07814884185791,1.4332634637997383,12.635432767734939
jal_prodShadow4_caca1,0.0,0.8966666666666666,jal,-49.87072482638889,-51.65753650665283,1.4332634637997383,13.859522042996282
jmt_prodShadow4_gaka1,0.0,1.16,jmt,-51.53321154364224,-53.07832717895508,1.4332634637997383,13.959997272595523
mav_prodShadow4_kaka,0.0,1.0719954648526078,mav,-52.92302040741822,-53.23176956176758,1.4332634637997383,11.930868502015459
mav_prodShadow4_gaka1,0.0,1.072,mav,-51.688595210280376,-53.62144374847412,1.4332634637997383,12.714698223275153
jal_prodShadow4_kaka,0.0,0.9405215419501134,jal,-50.40764731549202,-52.11226463317871,1.4332634637997383,13.550147746531417
mam_prodShadow4_oba1,0.0,0.9405215419501134,mam,-51.96766954787234,-52.865857442220054,1.4248767568260512,13.843798532678802
jal_prodShadow4_eda2,0.0,0.930702947845805,jal,-49.75657342069893,-60.87464396158854,1.4111849077610112,17.268566042451596
lmw_prodShadow4_baka,0.0,1.225,lmw,-48.668619791666664,-51.7680082321167,1.3707706555214265,13.644645801184119
blr_prodShadow4_bala1,0.0,1.0939455782312926,blr,-42.35594807196101,-43.111186027526855,1.3707706555214265,18.816422790945595
jkw_prodShadow4_baka2,0.0,1.006,jkw,-50.634842976485146,-55.17477035522461,1.370769938817276,15.283191726223825
mam_prodShadow4_bala,0.0,1.006,mam,-46.494561223700494,-48.535080909729004,1.370769938817276,14.434484656358952
jkw_prodShadow4_paka1,0.0,1.05,jkw,-51.88681640625,-55.272738456726074,1.3665087782145682,12.636073151602503
blr_prodShadow4_gaka2,0.0,1.028,blr,-47.971603837985434,-52.66120529174805,1.3646896435791613,16.88239695766151
jkw_prodShadow4_gota1,0.0,1.2035147392290249,jkw,-50.56019287109375,-54.91523361206055,1.3646896435791613,13.712400638091815
djv_prodShadow4_epa2,0.0,1.1596825396825396,djv,-50.37453697467672,-54.78025436401367,1.3319391133053935,16.78998259508174
jkw_prodShadow4_epa,0.0,1.006,jkw,-49.393134088799506,-57.582401275634766,1.3319391133053935,14.59392166875762
jal_prodShadow4_epa1,0.0,0.787,jal,-52.899494412579116,-60.22280502319336,1.3319388408005162,14.247311927288681
blr_prodShadow4_epa,0.0,0.9185941043083901,blr,-48.994209621263586,-53.43515141805013,1.3319388408005162,14.265893398958625
jkw_prodShadow4_baka1,0.0,1.181609977324263,jkw,-50.21597341763771,-58.05974292755127,1.3203884731667141,13.292699944185877
jkw_prodShadow4_daka,0.0,0.94,jkw,-51.811679271941486,-57.13203525543213,1.3203884731667141,12.61232918645846
jal_prodShadow4_taka,0.0,1.072,jal,-47.25332213785047,-51.497148513793945,1.3203884731667141,12.281239610044347
jkw_prodShadow4_oka,0.0,0.9185941043083901,jkw,-56.128975246263586,-56.77505238850912,1.3203884731667141,11.241278584880142
jmt_prodShadow4_baka,0.0,1.1377551020408163,jmt,-49.608561197916664,-54.750492095947266,1.3203884731667141,15.185517704667195
ems_prodShadow4_kaka,0.0,1.181609977324263,ems,-51.28737420550848,-58.543792724609375,1.3203884731667141,7.2590716462684135
jmt_prodShadow4_taka1,0.0,1.028,jmt,-49.798207107099515,-48.616424560546875,1.3203884731667141,11.625161170735346
jmt_prodShadow4_paka2,0.0,0.94,jmt,-46.93729222074468,-48.30369853973389,1.2979548858050964,10.287479488557395
jal_prodShadow4_ita2,0.0,0.8747619047619047,jal,-51.6944650233477,-52.753421783447266,1.292167668677455,10.719371427235775
jal_prodShadow4_gota2,0.0,1.078,jal,-46.30486382378472,-53.45187282562256,1.2861010257123326,13.993740570617327
jmt_prodShadow4_gota,0.0,0.9185941043083901,jmt,-53.97130286175272,-53.661696434020996,1.2861010257123326,12.446058687184436
djv_prodShadow4_bola1,0.0,1.1158503401360544,djv,-49.272574288504465,-53.02977275848389,1.274957192640648,15.074035183936825
mav_prodShadow4_bola,0.0,1.006,mav,-50.09947400990099,-51.12374687194824,1.2749543780762949,12.776914576942195
lmw_prodShadow4_apa2,0.0,1.247,lmw,-48.035265625,-51.57304890950521,1.2654013443058962,16.447111444338702
blr_prodShadow4_apa1,0.0,0.9405215419501134,blr,-52.71504633477394,-55.9597282409668,1.265400338975078,15.625019738828662
blr_prodShadow4_oka1,0.0,1.115827664399093,blr,-51.75982666015625,-64.72944513956706,1.265400338975078,18.29275430598669
djv_prodShadow4_taka,0.0,1.006,djv,-46.16405283106435,-51.82679843902588,1.265400338975078,14.728481270250988
jkw_prodShadow4_ita2,0.0,1.028,jkw,-46.557892141990294,-49.25527318318685,1.265400338975078,14.194513867813793
mam_prodShadow4_eda2,0.0,0.94,mam,-49.4774767287234,-45.930686950683594,1.265400338975078,13.53019874136995
djv_prodShadow4_ita2,0.0,0.962,djv,-54.9040273030599,-59.07852300008138,1.265400338975078,12.565624005162556
ems_prodShadow4_ita1,0.0,0.8309297052154195,ems,-55.18773531626506,-57.72045008341471,1.2645981071234826,8.651175429126688
bco_prodShadow4_daka,0.0,1.093922902494331,bco,-52.13812535837156,-56.51981163024902,1.2645981071234826,6.872312949726155
ems_prodShadow4_gaka2,0.0,1.072,ems,-53.19215464369159,-61.901472091674805,1.2645976044580736,12.501963510001573
jal_prodShadow4_paka2,0.0,0.9185941043083901,jal,-47.64139988111413,-49.872507095336914,1.2645976044580736,11.158341724110919
bco_prodShadow4_kaka2,0.0,0.9185941043083901,bco,-47.97111710258152,-53.771307945251465,1.2645976044580736,11.158346987994939
mav_prodShadow4_baka2,0.0,1.05,mav,-49.34725632440476,-53.20746612548828,1.2645976044580736,13.53996641991931
mav_prodShadow4_kaka2,0.0,0.8966666666666666,mav,-52.63090277777778,-52.37795162200928,1.2645976044580736,11.599745554883965
bco_prodShadow4_bala,0.0,0.82,bco,-51.4429306402439,-58.99440288543701,1.2645976044580736,10.7021642965783
jal_prodShadow4_gaka1,0.0,0.743,jal,-53.19782318940034,-53.74543476104736,1.2645976044580736,14.924944389391662
jmt_prodShadow4_baka2,0.0,0.9405215419501134,jmt,-46.65046854222074,-52.26024150848389,1.2645976044580736,14.434758004961122
bco_prodShadow4_bala1,0.0,0.8966893424036281,bco,-50.26951497395833,-54.139169692993164,1.2645976044580736,10.256609669912972
bco_prodShadow4_taka2,0.0,0.6336734693877552,bco,-54.92291356646825,-54.97044563293457,1.2645971017926645,9.61131463058712
mav_prodShadow4_gaka2,0.0,1.093922902494331,mav,-47.34698430332569,-54.51096153259277,1.2645971017926645,13.428634907925728
jal_prodShadow4_daka1,0.0,1.093922902494331,jal,-50.42653830991973,-50.83956718444824,1.2645971017926645,13.127618475463855
ems_prodShadow4_kaka2,0.0,1.072,ems,-52.665956301109816,-57.249526023864746,1.2645971017926645,8.186437650781006
mav_prodShadow4_bala2,0.0,0.962,mav,-49.96082560221354,-49.92636203765869,1.2645971017926645,14.542590508768553
ems_prodShadow4_baka2,0.0,0.765,ems,-53.635913403003244,-59.11440944671631,1.2645971017926645,10.399178290746253
jmt_prodShadow4_daka1,0.0,0.9405215419501134,jmt,-44.551004612699465,-48.68049430847168,1.2645971017926645,13.450397737518454
mav_prodShadow4_caca1,0.0,0.984,mav,-52.4086764588648,-55.87167549133301,1.2645971017926645,11.701439648637582
bco_prodShadow4_baka1,0.0,0.8747619047619047,bco,-53.07795101472701,-59.25344276428223,1.2645971017926645,10.37742394148064
jmt_prodShadow4_uta2,0.0,0.743,jmt,-52.67496634818412,-54.22810363769531,1.2645971017926645,8.511675229774967
mav_prodShadow4_bala,0.0,1.028,mav,-47.382456955400485,-46.63016700744629,1.2645971017926645,14.313997769977124
jmt_prodShadow4_baka1,0.0,1.05,jmt,-47.867564174107144,-53.67661476135254,1.2645971017926645,13.33771672683079
mav_prodShadow4_baka1,0.0,0.962,mav,-50.12018330891927,-53.46794414520264,1.2645971017926645,14.217558730635897
mav_prodShadow4_apa2,0.0,0.984,mav,-55.39981764190051,-53.633490244547524,1.2645971017926645,11.028957899894253
djv_prodShadow4_gaka,0.0,0.9028344671201814,djv,-50.43787977430556,-59.07843017578125,1.2645971017926645,17.62397420727988
jal_prodShadow4_gaka2,0.0,0.906,jal,-47.8571052970467,-52.90523624420166,1.2645971017926645,16.170866477748184
jal_prodShadow4_paka1,0.0,1.093922902494331,jal,-45.01573251146789,-52.97786998748779,1.2645971017926645,13.919125394215811
mav_prodShadow4_oba1,0.0,0.809,mav,-47.529950930748456,-52.627943674723305,1.2539093026932515,16.256168187298115
jkw_prodShadow4_oba2,0.0,1.1377551020408163,jkw,-46.59434536047149,-58.17395528157552,1.2539093026932515,17.399995479286115
djv_prodShadow4_oba1,0.0,1.006,djv,-51.790188931002476,-58.55301284790039,1.2539093026932515,17.48032551082322
ems_prodShadow4_oba,0.0,0.984,ems,-52.81298329878827,-61.53826649983724,1.2539088044340845,10.688998268471535
ems_prodShadow4_oba1,0.0,0.94,ems,-52.24107588098404,-59.56495920817057,1.2539088044340845,8.376243931079959
jal_prodShadow4_oba,0.0,0.8747619047619047,jal,-49.55895855783046,-55.9962412516276,1.2539088044340845,10.591182650989648
ems_prodShadow4_oba2,0.0,0.6336734693877552,ems,-52.386939639136905,-58.35068893432617,1.2539088044340845,12.327334414321015
jal_prodShadow4_oba1,0.0,1.006,jal,-50.98576732673267,-59.5191535949707,1.2539088044340845,11.379847711067868
djv_prodShadow4_oba,0.0,1.028,djv,-59.136263652912625,-57.5143928527832,1.2539088044340845,11.984247137934586
bco_prodShadow4_oba2,0.0,1.0719954648526078,bco,-48.82788314106308,-58.0472043355306,1.2312362286253289,9.465608069285068
jmt_prodShadow4_oka1,0.0,0.8966666666666666,jmt,-47.85702582465278,-50.827093760172524,1.231235651529314,15.656490594169998
ems_prodShadow4_paka2,0.0,0.984,ems,-52.63168646364796,-55.0080041885376,1.2294009933956245,7.862663971938339
bco_prodShadow4_paka,0.0,0.9405215419501134,bco,-51.32073325299202,-51.29105758666992,1.2294009933956245,5.829572026113375
jmt_prodShadow4_eda,0.0,0.94,jmt,-45.937338971077125,-45.41405995686849,1.2283101546931692,16.69434267424357
jkw_prodShadow4_eda2,0.0,0.9405215419501134,jkw,-55.17584877825798,-66.0001932779948,1.2283098821882918,14.12414482717309
jmt_prodShadow4_eda1,0.0,0.8528571428571429,jmt,-50.28210018382353,-40.451273600260414,1.2283096096834147,15.318072164568566
jkw_prodShadow4_eda1,0.0,1.028,jkw,-48.11014297633495,-53.38418197631836,1.2283096096834147,14.945938312338907
mam_prodShadow4_paka2,0.0,1.05,mam,-46.09136904761905,-46.875290870666504,1.1608471009861527,9.307045485773124
blr_prodShadow4_paka1,0.0,0.984,blr,-48.29658601721939,-50.564772605895996,1.1608471009861527,15.490153626220577
jal_prodShadow4_ita1,0.0,0.9405215419501134,jal,-45.80122797539894,-51.955151875813804,1.1561507105954185,15.111845774178978
mav_prodShadow4_ita1,0.0,0.984,mav,-52.33936543367347,-54.039293924967446,1.156149494503177,11.079765160213594
bco_prodShadow4_ita2,0.0,1.05,bco,-49.28530040922619,-52.63965606689453,1.156149494503177,8.477899980662379
djv_prodShadow4_epa1,0.0,1.093922902494331,djv,-51.31877150229358,-54.583258310953774,1.1490643602375514,16.689923909957418
bco_prodShadow4_epa,0.0,1.05,bco,-50.285137648809524,-51.013983408610024,1.1490643602375514,8.740142717850894
mav_prodShadow4_epa,0.0,0.8309297052154195,mav,-54.47000305911145,-58.54515075683594,1.1490643602375514,13.7583457900061
mav_prodShadow4_epa1,0.0,0.8747619047619047,mav,-52.614908854166664,-59.19371541341146,1.149064087732674,13.692909252224398
bco_prodShadow4_epa2,0.0,0.94,bco,-47.536678233045215,-50.80939737955729,1.1490638152277968,8.075522175880579
ems_prodShadow4_epa2,0.0,0.809,ems,-51.43835599922839,-59.41150410970052,1.1490638152277968,10.892899743976502
jal_prodShadow4_epa,0.0,1.05,jal,-49.61442522321428,-52.42100270589193,1.1490638152277968,15.040075175420757
ems_prodShadow4_uta1,0.0,0.9405215419501134,ems,-51.341355344082444,-60.763875325520836,1.1391614392421405,11.103414628588721
jal_prodShadow4_bala,0.0,1.1596598639455782,jal,-46.78473531788793,-44.114760398864746,1.1302848780740973,14.052546406849084
mav_prodShadow4_bola1,0.0,1.006,mav,-48.43914371905941,-48.819366455078125,1.130284161369947,14.171123058871585
bco_prodShadow4_bola,0.0,1.269,bco,-48.22352515994095,-55.07902145385742,1.130284161369947,10.215414440132925
jkw_prodShadow4_bola1,0.0,1.05,jkw,-50.345372953869045,-59.42226600646973,1.130284161369947,16.145774811712123
jal_prodShadow4_bola1,0.0,1.1377551020408163,jal,-46.18648488898026,-47.51410961151123,1.1302834446657966,13.185009770762612
mav_prodShadow4_bola2,0.0,0.9405215419501134,mav,-52.28937936336436,-50.95860481262207,1.1302834446657966,13.281113821128802
jkw_prodShadow4_caca2,0.0,1.05,jkw,-48.531584821428574,-53.04037570953369,1.099876642169467,16.06258317228402
jkw_prodShadow4_kaka2,0.0,1.006,jkw,-49.247626276299506,-52.70053672790527,1.099876642169467,11.54586553031118
jal_prodShadow4_kaka2,0.0,0.8966893424036281,jal,-49.88024088541667,-49.53372669219971,1.0998760410901474,12.83364009341016
ems_prodShadow4_daka2,0.0,0.94,ems,-51.20567549035904,-54.42082500457764,1.0998754400108275,10.365407270690524
djv_prodShadow4_kaka,0.0,1.225,djv,-45.28053147230691,-53.95900249481201,1.0998754400108275,15.60065784370552
mam_prodShadow4_kaka,0.0,0.9185941043083901,mam,-52.18099312160326,-54.83353042602539,1.0998754400108275,11.472345839893947
jkw_prodShadow4_caca1,0.0,0.9185941043083901,jkw,-46.66938582710598,-54.385616302490234,1.0998754400108275,16.06868413560627
jmt_prodShadow4_caca2,0.0,1.1158503401360544,jmt,-52.88887241908482,-53.591315269470215,1.0998754400108275,12.982548486582427
djv_prodShadow4_uta,0.0,0.8747619047619047,djv,-54.840309581537355,-56.41602579752604,1.0967339769680042,14.860166732394799
mav_prodShadow4_oba,0.0,0.699,mav,-51.33632463727679,-52.824972788492836,1.0967339769680042,13.641244533600291
blr_prodShadow4_oba,0.0,1.03,blr,-47.07399594205097,-53.73054758707682,1.0967339769680042,19.526775030722305
blr_prodShadow4_bola,0.0,1.1158503401360544,blr,-55.858860560825896,-56.23449516296387,1.0967339769680042,16.115113868153593
blr_prodShadow4_apa2,0.0,0.962,blr,-51.7710927327474,-53.63091532389323,1.0967339769680042,17.25301755611955
lmw_prodShadow4_ada2,0.0,1.1596825396825396,lmw,-48.233107994342674,-49.59876378377279,1.0967339769680042,15.517951516057044
lmw_prodShadow4_gota,0.0,1.05,lmw,-49.476934523809526,-54.533796310424805,1.0967339769680042,16.247311146574756
jkw_prodShadow4_ada2,0.0,0.9668934240362812,jkw,-51.90097958279639,-59.389383951822914,1.0967339769680042,15.211523561466363
jkw_prodShadow4_ada,0.0,0.8309297052154195,jkw,-48.630232845444276,-47.5332400004069,1.0967337256352998,15.135937073596294
mav_prodShadow4_daka,0.0,0.9405215419501134,mav,-50.028444980053195,-54.92947769165039,1.0959312424509997,12.773317139506268
jkw_prodShadow4_baka,0.0,0.9405215419501134,jkw,-48.376870013297875,-51.58582305908203,1.0959312424509997,12.995060412050655
mav_prodShadow4_taka1,0.0,0.8528344671201814,mav,-55.77875114889706,-53.91923904418945,1.0959312424509997,11.712700571930853
jmt_prodShadow4_daka,0.0,0.8966893424036281,jmt,-49.331982421875,-51.03157329559326,1.0959312424509997,13.640432667000544
djv_prodShadow4_kaka1,0.0,1.2035147392290249,djv,-47.05537516276042,-57.35634994506836,1.0959307397855909,18.24748585483685
jkw_prodShadow4_kaka,0.0,0.9405215419501134,jkw,-49.79289602726064,-53.62594413757324,1.0959307397855909,14.577749573684963
mav_prodShadow4_bala1,0.0,1.028,mav,-49.4032729065534,-47.178032875061035,1.0959307397855909,12.901318020968924
mav_prodShadow4_daka2,0.0,1.006,mav,-49.47168935643565,-52.32713317871094,1.0959307397855909,13.346788596722043
bco_prodShadow4_daka1,0.0,1.05,bco,-50.07739955357143,-54.14118480682373,1.0959307397855909,9.549051579399745
ems_prodShadow4_caca1,0.0,0.874,ems,-51.991424209770116,-57.107754707336426,1.0959307397855909,10.68294437129638
jmt_prodShadow4_bola1,0.0,0.984,jmt,-49.68613480548469,-47.691205978393555,1.0959307397855909,16.342927068238613
jal_prodShadow4_paka,0.0,0.928,jal,-56.18662319388441,-59.89578151702881,1.0959307397855909,9.501338433244042
jmt_prodShadow4_paka,0.0,0.8966893424036281,jmt,-47.71857638888889,-45.81429481506348,1.0959307397855909,12.205086441372575
ems_prodShadow4_gaka,0.0,0.94,ems,-53.90527863198138,-56.782501220703125,1.0959307397855909,10.42981135874523
ems_prodShadow4_baka1,0.0,0.984,ems,-49.785514987244895,-55.93712043762207,1.0959307397855909,12.34132021190129
mav_prodShadow4_daka1,0.0,0.787,mav,-51.198671751384495,-51.92927074432373,1.0959307397855909,12.008835269508925
mav_prodShadow4_taka,0.0,0.787,mav,-51.10166757318038,-52.69905471801758,1.0959304884528862,11.738191564364485
jal_prodShadow4_taka1,0.0,0.984,jal,-46.25289979272959,-50.675790786743164,1.0959302371201818,14.335968477258831
jal_prodShadow4_daka,0.0,0.984,jal,-48.04967016103316,-53.76848602294922,1.0959302371201818,15.391318104460522
jmt_prodShadow4_gota2,0.0,0.6775283446712018,jmt,-52.51449764476103,-58.071441650390625,1.0924599204155951,11.099999873531022
ems_prodShadow4_oka,0.0,0.8966893424036281,ems,-60.68174913194444,-62.7636464436849,1.0924599204155951,9.420073012339206
mam_prodShadow4_gota1,0.0,0.962,mam,-54.56624857584635,-59.59024524688721,1.0924593433195802,12.827755644504151
jmt_prodShadow4_bala2,0.0,0.8747619047619047,jmt,-42.25775356950431,-42.863770484924316,1.0860738898201239,15.982496948233704
jal_prodShadow4_bola,0.0,0.94,jal,-45.435281956449465,-47.68787956237793,1.0860710752557707,14.301113667346309
jkw_prodShadow4_gota2,0.0,1.225,jkw,-49.629930449695124,-57.251583099365234,1.0813633456985203,14.514375518262234
jkw_prodShadow4_gota,0.0,1.006,jkw,-52.222970490408414,-58.779489517211914,1.0813633456985203,14.784279470811748
bco_prodShadow4_gota2,0.0,1.0719954648526078,bco,-53.96692921290888,-57.96440124511719,1.0813633456985203,9.115548390864149
mav_prodShadow4_ada,0.0,0.8528344671201814,mav,-50.308249080882355,-45.570953369140625,1.0679672031049054,12.130295796580615
mam_prodShadow4_eda,0.0,0.8966893424036281,mam,-46.58771701388889,-46.246262868245445,1.0454354016253269,13.780242251994533
bco_prodShadow4_eda,0.0,1.006,bco,-48.89502436571782,-54.055789947509766,1.0454348566155724,8.291424577842697
jmt_prodShadow4_oba,0.0,0.9185941043083901,jmt,-47.15391474184783,-51.13862609863281,1.0375945462325764,15.7629660475855
jmt_prodShadow4_oba1,0.0,0.809,jmt,-49.15013442804784,-52.234545389811196,1.0375945462325764,13.986750849312044
bco_prodShadow4_oba1,0.0,1.028,bco,-50.74339635163835,-58.90985361735026,1.0375945462325764,9.833054792924173
mam_prodShadow4_oba2,0.0,0.8309070294784581,mam,-52.19265342620482,-53.422505696614586,1.037594257684569,14.603327960463279
jal_prodShadow4_oba2,0.0,0.832,jal,-53.090290850903614,-59.49662780761719,1.0375939691365614,17.09774601820883
mam_prodShadow4_bola,0.0,0.8747619047619047,mam,-48.802526715158045,-50.51617240905762,1.0340899857684662,15.075488419574576
djv_prodShadow4_bola2,0.0,0.962,djv,-47.097391764322914,-55.21595001220703,1.0340899857684662,16.693867431000545
djv_prodShadow4_bola,0.0,1.4446031746031747,djv,-48.81779649522569,-52.11886215209961,1.0340892690643158,12.36097899850349
ems_prodShadow4_baka,0.0,0.9405215419501134,ems,-56.577273105053195,-55.99912929534912,1.0340892690643158,7.51373364762151
mam_prodShadow4_paka1,0.0,0.984,mam,-52.13536352040816,-53.876590728759766,1.0328797034908113,13.762617783298566
mam_prodShadow4_uta,0.0,0.699,mam,-55.413643973214285,-56.94420496622721,1.023805113941265,11.4929845978236
jal_prodShadow4_uta,0.0,0.984,jal,-51.7099459901148,-53.83699035644531,1.0238047916340651,10.258523934871832
mam_prodShadow4_uta1,0.0,0.9405215419501134,mam,-52.61665766289894,-54.60020446777344,1.0238041470196653,11.138437705281795
djv_prodShadow4_taka2,0.0,0.9185941043083901,djv,-46.69836956521739,-55.29511737823486,0.9830187982359945,17.23854317973164
blr_prodShadow4_taka1,0.0,1.028,blr,-55.16350785042476,-61.757893562316895,0.9830187982359945,16.873281534551804
jal_prodShadow4_taka2,0.0,1.029,jal,-44.95156060376213,-48.74790287017822,0.9830187982359945,17.03349948449896
ems_prodShadow4_taka,0.0,1.072,ems,-57.90203344042056,-63.18479251861572,0.9830184316511906,7.724764816447664
jmt_prodShadow4_epa2,0.0,0.9405215419501134,jmt,-50.506960605053195,-49.25204594930013,0.9661896071697093,14.313974004704153
jal_prodShadow4_epa2,0.0,0.9799319727891157,jal,-48.82685447225765,-53.75426737467448,0.9661890621599547,16.444626114413914
jmt_prodShadow4_epa,0.0,0.765,jmt,-54.175400771103895,-51.18672180175781,0.9661890621599547,12.487753363048672
djv_prodShadow4_epa,0.0,0.8747619047619047,djv,-49.534044989224135,-52.76347859700521,0.9661890621599547,15.860621376778825
bco_prodShadow4_epa1,0.0,0.8747619047619047,bco,-47.12914758441092,-51.07977422078451,0.9661890621599547,8.722204882248644
jkw_prodShadow4_epa2,0.0,0.8747619047619047,jkw,-49.76950318785919,-54.191855112711586,0.9661890621599547,15.037963982859289
mav_prodShadow4_epa2,0.0,0.699,mav,-54.75087890625,-56.459415435791016,0.966188925907516,14.649206416410237
bco_prodShadow4_apa,0.0,0.984,bco,-54.2765963807398,-57.820196787516274,0.9643260153880545,8.895538850026266
bco_prodShadow4_apa1,0.0,1.006,bco,-49.030694036200494,-55.436241149902344,0.9643256067746243,11.748407735410545
bco_prodShadow4_apa2,0.0,0.984,bco,-50.09381477200255,-53.32440312703451,0.9643256067746243,10.67687974887745
mam_prodShadow4_paka,0.0,0.8309297052154195,mam,-52.325024708207835,-52.539838790893555,0.9643256067746243,12.488179972240665
djv_prodShadow4_apa,0.0,0.787,djv,-51.60825627966772,-53.52163441975912,0.9643256067746243,16.093911226071874
bco_prodShadow4_paka2,0.0,0.8966893424036281,bco,-48.80341254340278,-49.35756492614746,0.9551852194510222,9.562341594341362
lmw_prodShadow4_epa,0.0,1.05,lmw,-46.978125,-49.42071024576823,0.9280676149609306,15.257680983422638
lmw_prodShadow4_epa2,0.0,1.225,lmw,-45.921041349085364,-49.28130976359049,0.9280676149609306,17.31489730797153
jkw_prodShadow4_taka2,0.0,0.8747619047619047,jkw,-48.979509024784484,-53.83278560638428,0.9280676149609306,12.840377556931148
mam_prodShadow4_eda1,0.0,1.05,mam,-50.05918898809524,-48.26032257080078,0.9280676149609306,13.65513968453856
mam_prodShadow4_ita2,0.0,0.809,mam,-46.37413194444444,-46.29866154988607,0.9280676149609306,13.322156017088183
blr_prodShadow4_taka,0.0,1.028,blr,-48.921462568264566,-55.40660572052002,0.9280676149609306,19.17526743243123
jmt_prodShadow4_ada2,0.0,1.05,jmt,-50.12958519345238,-53.019775390625,0.9280676149609306,16.762765635619655
mam_prodShadow4_taka2,0.0,0.962,mam,-47.71128845214844,-50.820810317993164,0.9280676149609306,15.121110989133904
jkw_prodShadow4_daka1,0.0,0.984,jkw,-51.311742665816325,-55.53040409088135,0.9280676149609306,16.498267507158978
mam_prodShadow4_ada1,0.0,1.072,mam,-50.04124379380841,-47.67642720540365,0.9280676149609306,15.96120490885199
bco_prodShadow4_ita1,0.0,0.8747619047619047,bco,-51.26343615301724,-52.909261067708336,0.9280676149609306,9.712213056912223
djv_prodShadow4_taka1,0.0,1.0719954648526078,djv,-48.09740070093458,-56.736061096191406,0.9280666096301126,18.176362466044033
blr_prodShadow4_gota,0.0,1.072,blr,-49.924553701810744,-54.96679973602295,0.9280666096301126,18.736932156180924
blr_prodShadow4_gaka,0.0,0.8309297052154195,blr,-53.01590737951807,-57.35017967224121,0.927264377778517,17.33650471092716
jmt_prodShadow4_kaka,0.0,1.006,jmt,-52.142462097772274,-52.134647369384766,0.927264377778517,13.132470827800173
jmt_prodShadow4_kaka1,0.0,0.8966666666666666,jmt,-51.148583984375,-51.4527587890625,0.927264377778517,12.118018539168519
mam_prodShadow4_baka1,0.0,1.006,mam,-47.558371364480195,-52.04869556427002,0.927264377778517,13.564405309183755
jal_prodShadow4_baka1,0.0,1.093922902494331,jal,-46.40224071817661,-51.033281326293945,0.927264377778517,14.877939930272776
djv_prodShadow4_gaka1,0.0,1.1377551020408163,djv,-44.60318582099781,-56.307308197021484,0.927264377778517,18.428976903835554
jal_prodShadow4_baka2,0.0,0.869,jal,-47.08608903556034,-48.77460861206055,0.927264377778517,12.335503477701154
jmt_prodShadow4_gaka2,0.0,1.0719954648526078,jmt,-49.77229209258178,-52.856767654418945,0.927264377778517,13.550246271834444
ems_prodShadow4_apa2,0.0,0.984,ems,-48.4900051817602,-52.701602935791016,0.927264377778517,11.81632726649585
jmt_prodShadow4_daka2,0.0,0.787,jmt,-46.371381156052216,-49.57042980194092,0.927264377778517,13.800829973584534
jal_prodShadow4_gaka,0.0,0.8747392290249433,jal,-48.721404678520116,-52.980201721191406,0.927264377778517,13.619674506540289
mav_prodShadow4_taka2,0.0,0.8528344671201814,mav,-54.90216567095588,-51.86497783660889,0.927264377778517,11.062660990106796
djv_prodShadow4_gaka2,0.0,1.247,djv,-48.46158203125,-56.2842378616333,0.927264377778517,16.22992381123289
mam_prodShadow4_baka,0.0,0.9185941043083901,mam,-50.64016856317935,-56.18252468109131,0.927264377778517,14.727874797151067
ems_prodShadow4_epa1,0.0,1.028,ems,-54.28990158525485,-57.37741724650065,0.927264377778517,9.96878169699635
mam_prodShadow4_gaka1,0.0,0.962,mam,-51.49195861816406,-55.71329879760742,0.927264377778517,14.919604077155256
ems_prodShadow4_gaka1,0.0,0.8909297052154195,ems,-53.532550254564605,-58.611783027648926,0.927264377778517,11.183946127484866
mam_prodShadow4_baka2,0.0,0.8528344671201814,mam,-51.93521369485294,-53.37432384490967,0.927264377778517,14.712031291280216
jal_prodShadow4_apa,0.0,0.787,jal,-50.55234807654272,-49.59655507405599,0.9272641264458125,15.615428845632426
djv_prodShadow4_baka1,0.0,1.0719954648526078,djv,-47.358457761390184,-54.77735424041748,0.927263875113108,16.235117107165376
jal_prodShadow4_oka,0.0,0.8966666666666666,jal,-56.52020399305555,-57.495679219563804,0.9170137589808426,7.235107926415029
mam_prodShadow4_daka,0.0,0.984,mam,-51.38554288903061,-56.03620910644531,0.9170137589808426,13.972809809831418
mam_prodShadow4_daka1,0.0,0.8528571428571429,mam,-47.30479664522059,-50.69412708282471,0.9170125568222032,15.002106774721117
ems_prodShadow4_oka1,0.0,1.05,ems,-56.64222005208333,-63.44326527913412,0.9170125568222032,10.805779980251828
blr_prodShadow4_baka,0.0,0.97,blr,-49.25941325708763,-52.541547775268555,0.9170113546635638,15.964392679164582
mam_prodShadow4_gaka2,0.0,0.8309070294784581,mam,-57.04096267884036,-57.62710952758789,0.9170113546635638,13.476821176300255
jkw_prodShadow4_oka1,0.0,1.006,jkw,-50.88311223700495,-53.25350697835287,0.9170113546635638,13.734133817670068
mam_prodShadow4_taka1,0.0,0.8747619047619047,mam,-49.1613909841954,-51.57634258270264,0.9170113546635638,13.624976041171195
jal_prodShadow4_oka2,0.0,0.94,jal,-50.381924243683514,-55.22076543172201,0.9170113546635638,11.098415846258385
mam_prodShadow4_daka2,0.0,0.8528344671201814,mam,-53.79820772058824,-54.237507820129395,0.9170113546635638,14.352260053390495
jmt_prodShadow4_gota1,0.0,1.1158503401360544,jmt,-46.471793038504465,-52.27141857147217,0.9019232726028839,14.157722149678948
jal_prodShadow4_gota1,0.0,0.962,jal,-51.534342447916664,-57.50984859466553,0.9019232726028839,13.37240647367542
djv_prodShadow4_gota,0.0,1.05,djv,-50.449688430059524,-59.29024314880371,0.8988182380228428,16.7674658463652
djv_prodShadow4_gota1,0.0,0.9258503401360544,djv,-52.372437836021504,-60.6527042388916,0.8988182380228428,14.105750517808087
djv_prodShadow4_paka,0.0,0.9185941043083901,djv,-49.16671089504076,-58.671401023864746,0.8957717143651526,15.548228063367253
jkw_prodShadow4_bala1,0.0,0.984,jkw,-44.77657146843112,-47.25536060333252,0.8897983839226179,16.798207347719064
jmt_prodShadow4_ita,0.0,1.1377551020408163,jmt,-50.57633035224781,-51.959267934163414,0.8841152135114304,13.235083307878716
jmt_prodShadow4_ita1,0.0,0.8309297052154195,jmt,-51.830031061746986,-51.859747568766274,0.8841146054653095,11.078119696456298
jmt_prodShadow4_eda2,0.0,0.809,jmt,-42.85226176697531,-48.45003890991211,0.8625603760526076,17.40847707451234
jal_prodShadow4_eda1,0.0,0.8747619047619047,jal,-46.29409123563219,-57.745103200276695,0.8625601035477304,16.882777657905656
mav_prodShadow4_eda2,0.0,0.765,mav,-52.41437005377435,-53.581101735432945,0.8625595585379758,15.272063950079318
bco_prodShadow4_gota1,0.0,1.05,bco,-51.77222377232143,-57.492225646972656,0.8600131002432179,9.502425312042579
bco_prodShadow4_oka1,0.0,0.9185714285714286,bco,-54.04244331691576,-56.907761891682945,0.8439528638398239,7.291243914364177
jal_prodShadow4_bola2,0.0,1.226,jal,-44.132645769817074,-47.007436752319336,0.7936042083211371,13.912717914479954
mam_prodShadow4_bola2,0.0,0.8528344671201814,mam,-49.09035500919118,-51.07803440093994,0.7936042083211371,13.461662694017727
djv_prodShadow4_bala1,0.0,1.072,djv,-48.064261463200936,-54.47681713104248,0.7936042083211371,18.53087810705743
djv_prodShadow4_baka,0.0,0.962,djv,-46.592244466145836,-54.56972122192383,0.7936042083211371,15.66462499874953
mam_prodShadow4_bala1,0.0,0.94,mam,-45.805051113696805,-46.65982627868652,0.7936042083211371,16.22113509280024
mam_prodShadow4_bola1,0.0,1.006,mam,-45.02176960860149,-47.43177604675293,0.7936042083211371,14.15904311599169
jkw_prodShadow4_bola2,0.0,0.9787981859410431,jkw,-48.90922951211735,-56.51278781890869,0.7936034916169866,12.774094287289623
mam_prodShadow4_bala2,0.0,1.006,mam,-50.116607363861384,-46.815022468566895,0.7936034916169866,16.060933272203094
djv_prodShadow4_baka2,0.0,1.1158503401360544,djv,-49.33302961077009,-56.30623817443848,0.7936034916169866,16.76682123374148
mam_prodShadow4_epa,0.0,0.8528344671201814,mam,-50.474597886029414,-53.4580332438151,0.7833143090921125,12.935186042100424
mav_prodShadow4_eda1,0.0,0.962,mav,-52.442291259765625,-56.064650217692055,0.7594012529538567,14.799569894531615
jkw_prodShadow4_uta,0.0,0.9185941043083901,jkw,-49.92075513756794,-54.47878901163737,0.7594012529538567,13.69718001352581
mav_prodShadow4_ada2,0.0,0.8966666666666666,mav,-51.17401801215278,-53.378594716389976,0.7594012529538567,13.371837791285136
djv_prodShadow4_ita1,0.0,1.1158503401360544,djv,-47.38068062918527,-54.09225209554037,0.7594012529538567,14.837920271434633
mav_prodShadow4_oba2,0.0,0.984,mav,-49.05262476084184,-51.25925827026367,0.7594012529538567,15.37286378413578
jal_prodShadow4_ada1,0.0,0.9185941043083901,jal,-47.230781886888586,-52.73336537679037,0.7594012529538567,15.531350585526255
mav_prodShadow4_oka,0.0,1.093922902494331,mav,-49.47015660837156,-53.160088857014976,0.7594012529538567,13.408121381015675
mav_prodShadow4_uta2,0.0,0.8309297052154195,mav,-51.06095279555723,-56.2028923034668,0.7594012529538567,13.66703610478405
mam_prodShadow4_gota2,0.0,0.8528344671201814,mam,-56.1555606617647,-58.99026298522949,0.7594012529538567,15.452807355496837
mam_prodShadow4_ita,0.0,0.6775056689342404,mam,-52.536125631893384,-54.51296615600586,0.7594007502884478,13.792369347722959
djv_prodShadow4_gota2,0.0,0.94,djv,-55.805954953457444,-57.55456066131592,0.7594002476230387,12.01848836615397
blr_prodShadow4_epa2,0.0,1.028,blr,-53.732331803701456,-57.714314778645836,0.7594002476230387,17.594357451225825
ems_prodShadow4_daka,0.0,1.028,ems,-55.87499051881068,-55.74262619018555,0.7585980157714433,3.595927910822578
jal_prodShadow4_oka1,0.0,0.8747619047619047,jal,-48.678997171336206,-52.43835194905599,0.7585980157714433,13.916614442106894
mav_prodShadow4_apa,0.0,0.962,mav,-50.233673095703125,-55.20273462931315,0.7585980157714433,13.24921479742641
jmt_prodShadow4_apa,0.0,1.115827664399093,jmt,-55.002210344587056,-53.35101445515951,0.7585980157714433,12.997723377087372
ems_prodShadow4_ada2,0.0,1.1158503401360544,ems,-55.014735630580354,-58.393698374430336,0.7585980157714433,11.484926650863278
djv_prodShadow4_daka2,0.0,1.028,djv,-56.20326247724515,-56.79690742492676,0.7585975131060342,15.428325609009805
djv_prodShadow4_daka,0.0,1.006,djv,-49.492313196163366,-56.09365749359131,0.7585975131060342,14.792340029086517
jal_prodShadow4_apa1,0.0,0.962,jal,-49.82866414388021,-53.026014963785805,0.7585975131060342,12.984953612864464
mam_prodShadow4_gaka,0.0,0.8528344671201814,mam,-52.45222886029412,-55.19922065734863,0.7585975131060342,11.703149446688755
ems_prodShadow4_apa1,0.0,0.8528344671201814,ems,-53.26047794117647,-54.53677241007487,0.7585975131060342,11.527769395660794
jal_prodShadow4_ita,0.0,0.8528571428571429,jal,-51.55240119485294,-53.79798380533854,0.7480970393371521,12.275047955375861
jkw_prodShadow4_ita1,0.0,0.984,jkw,-48.03378109056123,-50.83488845825195,0.7480970393371521,13.551337152170852
mav_prodShadow4_ita2,0.0,0.9185941043083901,mav,-58.02487580672555,-55.76828130086263,0.7480958232449103,10.279381999513426
ems_prodShadow4_ita2,0.0,1.2035147392290249,ems,-51.49648844401042,-57.549634297688804,0.7480958232449103,8.827369446563587
bco_prodShadow4_uta,0.0,1.006,bco,-49.97618057704208,-54.78490193684896,0.7065697401414589,9.23781014502364
jal_prodShadow4_uta1,0.0,0.8747619047619047,jal,-49.4910818516523,-54.519081115722656,0.7065697401414589,13.782794360147294
jkw_prodShadow4_uta2,0.0,0.831,jkw,-52.54431005271084,-56.91971079508463,0.7065690955270592,15.529568968040596
mav_prodShadow4_uta1,0.0,0.8747619047619047,mav,-53.67932269216954,-56.103065490722656,0.7065690955270592,10.707504571908581
djv_prodShadow4_uta2,0.0,0.94,djv,-53.20723902925532,-59.88738250732422,0.7065690955270592,12.609281013414432
jmt_prodShadow4_uta1,0.0,0.8528344671201814,jmt,-49.390636488970586,-54.29539998372396,0.7065684509126594,12.485721115250339
jkw_prodShadow4_apa,0.0,1.0719954648526078,jkw,-49.65354848130841,-56.971001942952476,0.6901096285233069,14.532353818248751
jal_prodShadow4_eda,0.0,0.8966666666666666,jal,-50.223659939236114,-49.78069051106771,0.6796853504798882,15.834683548561564
bco_prodShadow4_eda1,0.0,0.77,bco,-54.45490056818182,-55.68256632486979,0.6796850779750109,8.099300294087293
jkw_prodShadow4_oba,0.0,0.94,jkw,-46.6286309424867,-49.08575693766276,0.6503123356391017,16.62160740449877
jkw_prodShadow4_oka2,0.0,1.093922902494331,jkw,-46.38839413704128,-52.543877919514976,0.6503117585430865,12.710745062458006
jmt_prodShadow4_apa1,0.0,0.82859410430839,jmt,-54.036938770707835,-51.47635014851888,0.6215557361138351,14.219270069881032
mam_prodShadow4_apa2,0.0,0.962,mam,-49.809529622395836,-49.28767649332682,0.6215557361138351,13.179998679928135
mav_prodShadow4_apa1,0.0,1.0719954648526078,mav,-52.31111273364486,-52.60326131184896,0.6215557361138351,11.418867633573925
mam_prodShadow4_gota,0.0,0.8966893424036281,mam,-56.94050564236111,-57.88951778411865,0.6185961303432705,12.143487646664562
djv_prodShadow4_bala2,0.0,0.984,djv,-47.317218391262756,-55.28689002990723,0.6138659845893576,18.10090886964975
jal_prodShadow4_bala2,0.0,0.9799319727891157,jal,-42.202556999362244,-45.84750747680664,0.6138659845893576,17.177552505842222
mav_prodShadow4_eda,0.0,0.721,mav,-53.265157063802086,-54.61117172241211,0.59399957928639,12.479914152125996
ems_prodShadow4_eda,0.0,0.809,ems,-48.18593267746913,-57.32398223876953,0.59399957928639,10.694147352882993
ems_prodShadow4_eda1,0.0,1.028,ems,-52.752735323118934,-55.154093424479164,0.5939984786089616,12.41558796331233
ems_prodShadow4_eda2,0.0,0.9405215419501134,ems,-49.371223612034576,-54.12754694620768,0.5939984786089616,10.427481884583212
bco_prodShadow4_uta1,0.0,0.8966893424036281,bco,-50.02781032986111,-57.32184982299805,0.5912118033045839,8.181707408155784
bco_prodShadow4_uta2,0.0,0.8747619047619047,bco,-51.57080078125,-56.753700256347656,0.5912105140757843,8.757888814193468
bco_prodShadow4_ada1,0.0,0.984,bco,-47.22411112882653,-53.019842783610024,0.590734890946783,10.358154308955164
lmw_prodShadow4_apa,0.0,1.1596825396825396,lmw,-46.25408725080819,-47.796051025390625,0.590734890946783,14.849606989609645
bco_prodShadow4_oka,0.0,1.101,bco,-52.26242009943182,-60.03046671549479,0.590734890946783,6.400836428644126
blr_prodShadow4_ita,0.0,0.781,blr,-56.430369841746796,-58.1903330485026,0.590734890946783,14.459303195213076
jal_prodShadow4_ada2,0.0,1.1029931972789115,jal,-50.13845880681818,-57.961405436197914,0.590734890946783,13.696953552402467
mam_prodShadow4_apa1,0.0,0.9185941043083901,mam,-48.18075428838315,-49.796827952067055,0.590734388281374,14.318247353569264
jkw_prodShadow4_ada1,0.0,0.962,jkw,-51.57349141438802,-60.0417226155599,0.590733885615965,14.602783899477773
djv_prodShadow4_apa1,0.0,0.984,djv,-51.09339624521684,-53.50148264567057,0.590733885615965,15.002045384502198
djv_prodShadow4_ita,0.0,0.94,djv,-48.414670254321805,-54.82034174601237,0.590733885615965,15.43244427829075
djv_prodShadow4_daka1,0.0,1.028,djv,-50.62109849059466,-53.92043113708496,0.5899316537643695,16.657724426611985
jmt_prodShadow4_oka,0.0,0.8309297052154195,jmt,-51.32543062876506,-51.078320821126304,0.5899316537643695,13.119928550499022
jmt_prodShadow4_apa2,0.0,0.9185941043083901,jmt,-51.3021240234375,-49.00450897216797,0.5899316537643695,14.22900886896156
ems_prodShadow4_apa,0.0,0.8309297052154195,ems,-50.91775696536145,-53.7108523050944,0.5899316537643695,7.819196565516162
jal_prodShadow4_apa2,0.0,1.226,jal,-46.90912411077236,-49.22857411702474,0.5899316537643695,16.522884409026595
jmt_prodShadow4_epa1,0.0,0.984,jmt,-54.86489058514031,-52.92028045654297,0.5899316537643695,14.242982686011901
djv_prodShadow4_bala,0.0,1.072,djv,-50.4345703125,-55.227593421936035,0.5531177141696575,20.85123586515563
mam_prodShadow4_epa1,0.0,0.9405215419501134,mam,-50.529354014295215,-52.78343963623047,0.5530018437043633,13.519315769554066
djv_prodShadow4_apa2,0.0,1.028,djv,-48.488248065837375,-50.21852238972982,0.5530018437043633,16.189456761019564
mam_prodShadow4_apa,0.0,1.0939455782312926,mam,-45.71630859375,-49.57715733846029,0.5530018437043633,15.387093897113015
mav_prodShadow4_oka1,0.0,0.787,mav,-52.98816381526899,-53.78394444783529,0.513633034001774,12.701383915300656
jkw_prodShadow4_apa1,0.0,0.94,jkw,-49.088124376662236,-47.019527435302734,0.4844479512948915,14.640940963727386
jkw_prodShadow4_apa2,0.0,0.984,jkw,-54.39282724808673,-55.94773483276367,0.4844479512948915,14.200011556362604
mam_prodShadow4_oba,0.0,0.787,mam,-52.086716277689874,-54.463263193766274,0.45667094179435674,13.404243448870169
mam_prodShadow4_epa2,0.0,0.962,mam,-45.39698791503906,-49.05608367919922,0.42206852893970925,15.961857639958392
ems_prodShadow4_ada,0.0,0.8747619047619047,ems,-47.7145855783046,-52.95972188313802,0.42206802627430023,11.431414183128698
jal_prodShadow4_ada,0.0,0.8747619047619047,jal,-45.66942236889368,-44.567769368489586,0.4220677749415957,18.57018076851746
bco_prodShadow4_ada2,0.0,0.984,bco,-48.67220882493623,-56.04810587565104,0.4220675236088912,11.975455017934884
jmt_prodShadow4_ada,0.0,0.9185941043083901,jmt,-45.031796662703805,-51.14560063680013,0.4220675236088912,17.114550512065065
mam_prodShadow4_ita1,0.0,0.94,mam,-52.09040475398936,-54.441107432047524,0.4220675236088912,12.15088843509055
mam_prodShadow4_uta2,0.0,0.8747619047619047,mam,-50.61403331537356,-51.20053227742513,0.4220675236088912,13.109771325621876
ems_prodShadow4_ita,0.0,0.9405215419501134,ems,-50.850565159574465,-54.71455510457357,0.4220675236088912,7.482605666227112
ems_prodShadow4_ada1,0.0,0.809,ems,-46.03104805652006,-51.11157480875651,0.4212642864264777,13.348519264838178
bco_prodShadow4_oba,0.0,1.028,bco,-52.911407766990294,-61.957192738850914,0.41796993365080626,6.92637834304033
mav_prodShadow4_ita,0.0,0.787,mav,-53.63652714596519,-56.56746164957682,0.36799140802652314,11.682849101588028
ems_prodShadow4_uta2,0.0,0.8966893424036281,ems,-53.389431423611114,-61.774278004964195,0.36799104144171935,12.990023321239722
ems_prodShadow4_bola2,0.0,0.8747619047619047,ems,-53.34127491918103,-52.82044315338135,0.3126319367223285,10.93849336132513
bco_prodShadow4_ada,0.0,1.1377777777777778,bco,-50.798583984375,-57.70201746622721,0.2534021669326355,8.691970326643329
mav_prodShadow4_uta,0.0,1.1377551020408163,mav,-52.845784505208336,-55.50440979003906,0.15861752574630308,11.83152746913856
jmt_prodShadow4_uta,0.0,0.8966666666666666,jmt,-51.40028211805556,-50.2959098815918,0.15861752574630308,13.010598034125179
bco_prodShadow4_oka2,0.0,1.006,bco,-49.55126469678218,-54.27963638305664,0.11025711765726302,10.112950821148075
